Ticker,Name,Sector,Asset Class,Market Value,Weight (%),Notional Value,Quantity,Price,Location,Exchange,Currency,FX Rate,Market Currency,Accrual Date
"BHP","BHP GROUP LTD","Materials","Equity","211,892,257.32","11.20","211,892,257.32","5,893,852.00","35.95","Australia","Asx - All Markets","USD","1.43","AUD","-"
"RIO","RIO TINTO PLC","Materials","Equity","123,482,342.75","6.53","123,482,342.75","1,309,837.00","94.27","United Kingdom","London Stock Exchange","USD","0.73","GBP","-"
"FCX","FREEPORT MCMORAN INC","Materials","Equity","108,514,460.73","5.74","108,514,460.73","1,666,121.00","65.13","United States","New York Stock Exchange Inc.","USD","1.00","USD","-"
"GLEN","GLENCORE PLC","Materials","Equity","81,550,025.93","4.31","81,550,025.93","11,665,019.00","6.99","United Kingdom","London Stock Exchange","USD","0.73","GBP","-"
"VALE3","CIA VALE DO RIO DOCE SH","Materials","Equity","70,402,521.69","3.72","70,402,521.69","4,213,721.00","16.71","Brazil","XBSP","USD","5.23","BRL","-"
"AAL","ANGLO AMERICAN PLC","Materials","Equity","62,566,472.81","3.31","62,566,472.81","1,298,713.00","48.18","United Kingdom","London Stock Exchange","USD","0.73","GBP","-"
"NUE","NUCOR CORP","Materials","Equity","47,913,991.02","2.53","47,913,991.02","266,322.00","179.91","United States","New York Stock Exchange Inc.","USD","1.00","USD","-"
"RIO","RIO TINTO LTD","Materials","Equity","47,212,594.58","2.50","47,212,594.58","430,748.00","109.61","Australia","Asx - All Markets","USD","1.43","AUD","Jan 02, 1985"
"GMEXICOB","GRUPO MEXICO B","Materials","Equity","43,453,525.21","2.30","43,453,525.21","3,609,048.00","12.04","Mexico","Bolsa Mexicana De Valores","USD","17.33","MXN","-"
"VAL","VALTERRA PLATINUM LTD","Materials","Equity","34,323,447.06","1.81","34,323,447.06","308,286.00","111.34","South Africa","Johannesburg Stock Exchange","USD","15.87","ZAR","-"
"1211","SAUDI ARABIAN MINING","Materials","Equity","32,601,432.16","1.72","32,601,432.16","1,581,781.00","20.61","Saudi Arabia","Saudi Stock Exchange","USD","3.75","SAR","-"
"TECK.B","TECK RESOURCES SUBORDINATE VOTING","Materials","Equity","30,723,288.67","1.62","30,723,288.67","529,388.00","58.04","Canada","Toronto Stock Exchange","USD","1.36","CAD","-"
"MT","ARCELORMITTAL SA","Materials","Equity","29,735,214.38","1.57","29,735,214.38","544,945.00","54.57","France","Euronext Amsterdam","USD","0.84","EUR","-"
"FMG","FORTESCUE LTD","Materials","Equity","29,546,063.07","1.56","29,546,063.07","1,960,752.00","15.07","Australia","Asx - All Markets","USD","1.43","AUD","-"
"STLD","STEEL DYNAMICS INC","Materials","Equity","29,440,198.42","1.56","29,440,198.42","161,786.00","181.97","United States","NASDAQ","USD","1.00","USD","-"
"FM","FIRST QUANTUM MINERALS LTD","Materials","Equity","25,361,900.54","1.34","25,361,900.54","824,049.00","30.78","Canada","Toronto Stock Exchange","USD","1.36","CAD","Mar 01, 1996"
"BOL","BOLIDEN","Materials","Equity","24,398,523.99","1.29","24,398,523.99","330,600.00","73.80","Sweden","Nasdaq Omx Nordic","USD","8.86","SEK","-"
"IMP","IMPALA PLATINUM LTD","Materials","Equity","24,132,484.96","1.28","24,132,484.96","1,050,887.00","22.96","South Africa","Johannesburg Stock Exchange","USD","15.87","ZAR","-"
"ANTO","ANTOFAGASTA PLC","Materials","Equity","23,878,317.20","1.26","23,878,317.20","458,208.00","52.11","United Kingdom","London Stock Exchange","USD","0.73","GBP","-"
"5401","NIPPON STEEL CORP","Materials","Equity","23,744,535.09","1.26","23,744,535.09","5,607,225.00","4.23","Japan","Tokyo Stock Exchange","USD","152.84","JPY","-"
"LUN","LUNDIN MINING CORP","Materials","Equity","21,818,324.52","1.15","21,818,324.52","795,905.00","27.41","Canada","Toronto Stock Exchange","USD","1.36","CAD","-"
"SCCO","SOUTHERN COPPER CORP","Materials","Equity","21,745,735.26","1.15","21,745,735.26","104,582.00","207.93","Peru","New York Stock Exchange Inc.","USD","1.00","USD","-"
"005490","POSCO","Materials","Equity","21,543,154.06","1.14","21,543,154.06","84,403.00","255.24","Korea (South)","Korea Exchange (Stock Market)","USD","1,426.10","KRW","-"
"RS","RELIANCE STEEL & ALUMINUM","Materials","Equity","20,217,188.18","1.07","20,217,188.18","60,842.00","332.29","United States","New York Stock Exchange Inc.","USD","1.00","USD","-"
"TATASTEEL","TATA STEEL LTD","Materials","Equity","19,026,109.05","1.01","19,026,109.05","8,647,833.00","2.20","India","National Stock Exchange Of India","USD","91.96","INR","-"
"5713","SUMITOMO METAL MINING LTD","Materials","Equity","18,261,105.11","0.97","18,261,105.11","283,200.00","64.48","Japan","Tokyo Stock Exchange","USD","152.84","JPY","-"
"AA","ALCOA CORP","Materials","Equity","18,246,454.72","0.96","18,246,454.72","300,898.00","60.64","United States","New York Stock Exchange Inc.","USD","1.00","USD","-"
"HINDALCO","HINDALCO INDUSTRIES LTD","Materials","Equity","17,450,177.52","0.92","17,450,177.52","1,567,021.00","11.14","India","National Stock Exchange Of India","USD","91.96","INR","-"
"KGH","KGHM POLSKA MIEDZ SA","Materials","Equity","17,147,198.10","0.91","17,147,198.10","162,820.00","105.31","Poland","Warsaw Stock Exchange/Equities/Main Market","USD","3.53","PLN","-"
"S32","SOUTH32 LTD","Materials","Equity","17,081,568.92","0.90","17,081,568.92","5,229,469.00","3.27","Australia","Asx - All Markets","USD","1.43","AUD","-"
"SSW","SIBANYE STILLWATER LTD","Materials","Equity","16,937,518.30","0.90","16,937,518.30","3,289,548.00","5.15","South Africa","Johannesburg Stock Exchange","USD","15.87","ZAR","-"
"1378","CHINA HONGQIAO GROUP LTD","Materials","Equity","16,809,578.05","0.89","16,809,578.05","3,294,500.00","5.10","China","Hong Kong Exchanges And Clearing Ltd","USD","7.80","HKD","-"
"NHY","NORSK HYDRO","Materials","Equity","14,883,371.75","0.79","14,883,371.75","1,611,588.00","9.24","Norway","Oslo Bors Asa","USD","9.61","NOK","-"
"3993","CMOC GROUP LTD","Materials","Equity","13,309,308.97","0.70","13,309,308.97","4,278,000.00","3.11","China","Hong Kong Exchanges And Clearing Ltd","USD","7.80","HKD","-"
"VEDL","VEDANTA LTD","Materials","Equity","13,254,833.08","0.70","13,254,833.08","1,590,535.00","8.33","India","National Stock Exchange Of India","USD","91.96","INR","-"
"IVN","IVANHOE MINES LTD CLASS A","Materials","Equity","12,541,539.88","0.66","12,541,539.88","907,187.00","13.82","Canada","Toronto Stock Exchange","USD","1.36","CAD","-"
"HBM","HUDBAY MINERALS INC","Materials","Equity","12,291,539.48","0.65","12,291,539.48","459,509.00","26.75","Canada","Toronto Stock Exchange","USD","1.36","CAD","-"
"NPH","NORTHAM PLATINUM HLDGS LTD","Materials","Equity","11,964,561.76","0.63","11,964,561.76","418,351.00","28.60","South Africa","Johannesburg Stock Exchange","USD","15.87","ZAR","-"
"PLS","PLS GROUP LTD","Materials","Equity","11,926,890.55","0.63","11,926,890.55","3,722,976.00","3.20","Australia","Asx - All Markets","USD","1.43","AUD","-"
"CS","CAPSTONE COPPER CORP","Materials","Equity","11,720,243.33","0.62","11,720,243.33","953,624.00","12.29","Canada","Toronto Stock Exchange","USD","1.36","CAD","-"
"LYC","LYNAS RARE EARTHS LTD","Materials","Equity","11,461,339.58","0.61","11,461,339.58","1,052,656.00","10.89","Australia","Asx - All Markets","USD","1.43","AUD","-"
"5016","JX ADVANCED METALS CORP","Materials","Equity","10,988,059.02","0.58","10,988,059.02","640,000.00","17.17","Japan","Tokyo Stock Exchange","USD","152.84","JPY","-"
"BSL","BLUESCOPE STEEL LTD","Materials","Equity","10,903,716.13","0.58","10,903,716.13","509,706.00","21.39","Australia","Asx - All Markets","USD","1.43","AUD","-"
"MP","MP MATERIALS CORP CLASS A","Materials","Equity","10,232,095.44","0.54","10,232,095.44","164,609.00","62.16","United States","New York Stock Exchange Inc.","USD","1.00","USD","-"
"CMC","COMMERCIAL METALS","Materials","Equity","10,126,848.08","0.54","10,126,848.08","129,898.00","77.96","United States","New York Stock Exchange Inc.","USD","1.00","USD","-"
"JSWSTEEL","JSW STEEL LTD","Materials","Equity","9,561,028.29","0.51","9,561,028.29","710,486.00","13.46","India","National Stock Exchange Of India","USD","91.96","INR","-"
"CLF","CLEVELAND CLIFFS INC","Materials","Equity","9,402,415.96","0.50","9,402,415.96","661,676.00","14.21","United States","New York Stock Exchange Inc.","USD","1.00","USD","-"
"5706","MITSUI KINZOKU LIMITED LTD","Materials","Equity","9,368,966.53","0.50","9,368,966.53","66,200.00","141.53","Japan","Tokyo Stock Exchange","USD","152.84","JPY","-"
"5411","JFE HOLDINGS INC","Materials","Equity","9,014,508.13","0.48","9,014,508.13","658,100.00","13.70","Japan","Tokyo Stock Exchange","USD","152.84","JPY","-"
"2002","CHINA STEEL CORP","Materials","Equity","9,003,887.39","0.48","9,003,887.39","13,602,612.00","0.66","Taiwan","Taiwan Stock Exchange","USD","31.27","TWD","-"
"MIN","MINERAL RESOURCES LTD","Materials","Equity","8,826,423.62","0.47","8,826,423.62","207,247.00","42.59","Australia","Asx - All Markets","USD","1.43","AUD","-"
"PMETAL","PRESS METAL ALUMINIUM HOLDINGS","Materials","Equity","8,463,203.56","0.45","8,463,203.56","4,305,600.00","1.97","Malaysia","Bursa Malaysia","USD","3.93","MYR","-"
"2600","ALUMINUM CORPORATION OF CHINA LTD","Materials","Equity","8,261,945.34","0.44","8,261,945.34","4,290,000.00","1.93","China","Hong Kong Exchanges And Clearing Ltd","USD","7.80","HKD","-"
"SFR","SANDFIRE RESOURCES LTD","Materials","Equity","7,927,432.01","0.42","7,927,432.01","532,997.00","14.87","Australia","Asx - All Markets","USD","1.43","AUD","-"
"358","JIANGXI COPPER LTD H","Materials","Equity","7,814,153.74","0.41","7,814,153.74","1,155,000.00","6.77","China","Hong Kong Exchanges And Clearing Ltd","USD","7.80","HKD","-"
"TKA","THYSSENKRUPP AG","Materials","Equity","7,770,833.06","0.41","7,770,833.06","579,019.00","13.42","Germany","Xetra","USD","0.84","EUR","-"
"BVN","BUENAVENTURA ADR REPRESENTING","Materials","Equity","7,435,403.81","0.39","7,435,403.81","192,977.00","38.53","Peru","New York Stock Exchange Inc.","USD","1.00","USD","-"
"AMMN","AMMAN MINERAL INTERNASIONAL","Materials","Equity","7,190,435.34","0.38","7,190,435.34","16,842,212.00","0.43","Indonesia","Indonesia Stock Exchange","USD","16,747.50","IDR","-"
"1208","MMG LTD","Materials","Equity","7,173,139.42","0.38","7,173,139.42","4,923,600.00","1.46","China","Hong Kong Exchanges And Clearing Ltd","USD","7.80","HKD","-"
"NDA","AURUBIS AG","Materials","Equity","7,137,868.40","0.38","7,137,868.40","36,484.00","195.64","Germany","Xetra","USD","0.84","EUR","-"
"GGBR4","GERDAU PREF SA","Materials","Equity","6,545,141.97","0.35","6,545,141.97","1,505,800.00","4.35","Brazil","XBSP","USD","5.23","BRL","-"
"5406","KOBE STEEL LTD","Materials","Equity","6,342,736.28","0.34","6,342,736.28","434,900.00","14.58","Japan","Tokyo Stock Exchange","USD","152.84","JPY","-"
"SSAB B","SSAB CLASS B","Materials","Equity","5,962,073.19","0.32","5,962,073.19","733,807.00","8.12","Sweden","Nasdaq Omx Nordic","USD","8.86","SEK","-"
"VOE","VOESTALPINE AG","Materials","Equity","5,838,290.81","0.31","5,838,290.81","124,656.00","46.84","Austria","Wiener Boerse Ag","USD","0.84","EUR","-"
"HCC","WARRIOR MET COAL INC","Materials","Equity","5,607,175.92","0.30","5,607,175.92","60,888.00","92.09","United States","New York Stock Exchange Inc.","USD","1.00","USD","-"
"JINDALSTEL","JINDAL STEEL LTD","Materials","Equity","5,221,134.33","0.28","5,221,134.33","414,050.00","12.61","India","National Stock Exchange Of India","USD","91.96","INR","-"
"IGO","IGO LTD","Materials","Equity","4,716,699.68","0.25","4,716,699.68","788,557.00","5.98","Australia","Asx - All Markets","USD","1.43","AUD","-"
"APLAPOLLO","APL APOLLO TUBES LTD","Materials","Equity","4,679,129.81","0.25","4,679,129.81","209,550.00","22.33","India","National Stock Exchange Of India","USD","91.96","INR","-"
"603993","CHINA MOLYBDENUM LTD A","Materials","Equity","4,661,551.43","0.25","4,661,551.43","1,199,000.00","3.89","China","Shanghai Stock Exchange","USD","6.95","CNY","-"
"NATIONALUM","NATIONAL ALUMINIUM CO LTD","Materials","Equity","4,473,821.68","0.24","4,473,821.68","959,333.00","4.66","India","National Stock Exchange Of India","USD","91.96","INR","-"
"ERO","ERO COPPER CORP","Materials","Equity","4,298,950.20","0.23","4,298,950.20","113,795.00","37.78","Canada","Toronto Stock Exchange","USD","1.36","CAD","-"
"5711","MITSUBISHI MATERIALS CORP","Materials","Equity","4,289,953.22","0.23","4,289,953.22","143,000.00","30.00","Japan","Tokyo Stock Exchange","USD","152.84","JPY","-"
"BRMS","BUMI RESOURCES MINERALS","Materials","Equity","4,209,235.29","0.22","4,209,235.29","65,882,400.00","0.06","Indonesia","Indonesia Stock Exchange","USD","16,747.50","IDR","-"
"5714","DOWA HOLDINGS LTD","Materials","Equity","3,842,245.56","0.20","3,842,245.56","61,400.00","62.58","Japan","Tokyo Stock Exchange","USD","152.84","JPY","-"
"1258","CHINA NONFERROUS MINING CORPORATIO","Materials","Equity","3,643,991.13","0.19","3,643,991.13","1,560,000.00","2.34","China","Hong Kong Exchanges And Clearing Ltd","USD","7.80","HKD","-"
"TKO","TASEKO MINES LTD","Materials","Equity","3,585,222.82","0.19","3,585,222.82","418,240.00","8.57","Canada","Toronto Stock Exchange","USD","1.36","CAD","-"
"NGEX","NGEX MINERALS LTD","Materials","Equity","3,577,546.18","0.19","3,577,546.18","156,336.00","22.88","Canada","Toronto Stock Exchange","USD","1.36","CAD","-"
"MTRN","MATERION CORP","Materials","Equity","3,401,538.56","0.18","3,401,538.56","23,968.00","141.92","United States","New York Stock Exchange Inc.","USD","1.00","USD","-"
"CSTM","CONSTELLIUM SE CLASS A","Materials","Equity","3,377,977.47","0.18","3,377,977.47","145,791.00","23.17","United States","New York Stock Exchange Inc.","USD","1.00","USD","-"
"JSL","JINDAL STAINLESS LTD","Materials","Equity","3,364,914.49","0.18","3,364,914.49","381,972.00","8.81","India","National Stock Exchange Of India","USD","91.96","INR","-"
"NMDC","NMDC LTD","Materials","Equity","3,283,197.84","0.17","3,283,197.84","3,568,805.00","0.92","India","National Stock Exchange Of India","USD","91.96","INR","-"
"KTY","GRUPA KETY SA","Materials","Equity","3,232,766.51","0.17","3,232,766.51","11,303.00","286.01","Poland","Warsaw Stock Exchange/Equities/Main Market","USD","3.53","PLN","-"
"CENX","CENTURY ALUMINUM","Materials","Equity","3,223,801.98","0.17","3,223,801.98","65,886.00","48.93","United States","NASDAQ","USD","1.00","USD","-"
"ACX","ACERINOX SA","Materials","Equity","3,201,766.29","0.17","3,201,766.29","216,969.00","14.76","Spain","Bolsa De Madrid","USD","0.84","EUR","-"
"LTR","LIONTOWN LTD","Materials","Equity","3,176,782.52","0.17","3,176,782.52","2,220,288.00","1.43","Australia","Asx - All Markets","USD","1.43","AUD","-"
"5444","YAMATO KOGYO LTD","Materials","Equity","3,042,745.44","0.16","3,042,745.44","41,300.00","73.67","Japan","Tokyo Stock Exchange","USD","152.84","JPY","-"
"AMR","ALPHA METALLURGICAL RESOURCE INC","Materials","Equity","2,858,747.92","0.15","2,858,747.92","12,932.00","221.06","United States","New York Stock Exchange Inc.","USD","1.00","USD","-"
"2027","TA CHEN STAINLESS PIPE LTD","Materials","Equity","2,845,681.80","0.15","2,845,681.80","2,213,721.00","1.29","Taiwan","Taiwan Stock Exchange","USD","31.27","TWD","-"
"HILS","HILL AND SMITH PLC","Materials","Equity","2,826,964.71","0.15","2,826,964.71","92,306.00","30.63","United Kingdom","London Stock Exchange","USD","0.73","GBP","-"
"HINDCOPPER","HINDUSTAN COPPER LTD","Materials","Equity","2,754,414.05","0.15","2,754,414.05","333,260.00","8.27","India","National Stock Exchange Of India","USD","91.96","INR","-"
"SGM","SIMS LTD","Materials","Equity","2,740,928.80","0.14","2,740,928.80","191,660.00","14.30","Australia","Asx - All Markets","USD","1.43","AUD","-"
"5741","UACJ CORP","Materials","Equity","2,720,955.33","0.14","2,720,955.33","167,752.00","16.22","Japan","Tokyo Stock Exchange","USD","152.84","JPY","-"
"EREGL.E","EREGLI DEMIR VE CELIK FABRIKALARI","Materials","Equity","2,648,631.64","0.14","2,648,631.64","4,038,489.00","0.66","Turkey","Istanbul Stock Exchange","USD","43.42","TRY","-"
"OUT1V","OUTOKUMPU","Materials","Equity","2,488,127.26","0.13","2,488,127.26","439,834.00","5.66","Finland","Nasdaq Omx Helsinki Ltd.","USD","0.84","EUR","-"
"KALU","KAISER ALUMINIUM CORP","Materials","Equity","2,355,508.28","0.12","2,355,508.28","18,559.00","126.92","United States","NASDAQ","USD","1.00","USD","-"
"VZLA","VIZSLA SILVER CORP","Materials","Equity","2,321,116.48","0.12","2,321,116.48","399,288.00","5.81","Canada","Toronto Stock Exchange","USD","1.36","CAD","-"
"004020","HYUNDAI STEEL","Materials","Equity","2,215,778.56","0.12","2,215,778.56","100,156.00","22.12","Korea (South)","Korea Exchange (Stock Market)","USD","1,426.10","KRW","-"
"APAM","APERAM SA","Materials","Equity","2,207,616.29","0.12","2,207,616.29","51,092.00","43.21","France","Euronext Amsterdam","USD","0.84","EUR","-"
"USA","AMERICAS GOLD AND SILVER","Materials","Equity","2,190,758.22","0.12","2,190,758.22","253,819.00","8.63","Canada","Toronto Stock Exchange","USD","1.36","CAD","-"
"3939","WANGUO GOLD GROUP LTD","Materials","Equity","2,180,173.11","0.12","2,180,173.11","1,246,500.00","1.75","China","Hong Kong Exchanges And Clearing Ltd","USD","7.80","HKD","-"
"IE","IVANHOE ELECTRIC INC","Materials","Equity","2,148,491.52","0.11","2,148,491.52","107,856.00","19.92","United States","Nyse Mkt Llc","USD","1.00","USD","-"
"MDKA","MERDEKA COPPER GOLD","Materials","Equity","2,139,243.39","0.11","2,139,243.39","11,301,886.00","0.19","Indonesia","Indonesia Stock Exchange","USD","16,747.50","IDR","-"
"GRNG","GRANGES","Materials","Equity","2,134,309.71","0.11","2,134,309.71","123,457.00","17.29","Sweden","Nasdaq Omx Nordic","USD","8.86","SEK","-"
"AII","ALMONTY INDUSTRIES INC","Materials","Equity","2,094,842.43","0.11","2,094,842.43","183,797.00","11.40","Canada","Toronto Stock Exchange","USD","1.36","CAD","-"
"SSAB A","SSAB A","Materials","Equity","2,086,909.24","0.11","2,086,909.24","253,684.00","8.23","Sweden","Nasdaq Omx Nordic","USD","8.86","SEK","-"
"ARI","AFRICAN RAINBOW MINERAL LTD","Materials","Equity","2,045,411.12","0.11","2,045,411.12","121,139.00","16.88","South Africa","Johannesburg Stock Exchange","USD","15.87","ZAR","-"
"5463","MARUICHI STEEL TUBE LTD","Materials","Equity","2,041,830.41","0.11","2,041,830.41","203,100.00","10.05","Japan","Tokyo Stock Exchange","USD","152.84","JPY","-"
"PRN","PERENTI LTD","Materials","Equity","2,030,800.30","0.11","2,030,800.30","979,685.00","2.07","Australia","Asx - All Markets","USD","1.43","AUD","-"
"601600","ALUMINUM CORPORATION OF CHINA LTD","Materials","Equity","2,019,215.03","0.11","2,019,215.03","894,165.00","2.26","China","Shanghai Stock Exchange","USD","6.95","CNY","-"
"600111","CHINA NORTHERN RARE EARTH (GROUP)","Materials","Equity","1,998,028.98","0.11","1,998,028.98","247,569.00","8.07","China","Shanghai Stock Exchange","USD","6.95","CNY","-"
"ILU","ILUKA RESOURCES LTD","Materials","Equity","1,936,218.59","0.10","1,936,218.59","499,847.00","3.87","Australia","Asx - All Markets","USD","1.43","AUD","-"
"ALLEI","ALLEIMA","Materials","Equity","1,921,958.59","0.10","1,921,958.59","218,918.00","8.78","Sweden","Nasdaq Omx Nordic","USD","8.86","SEK","-"
"BEKB","BEKAERT (D) SA","Materials","Equity","1,911,395.07","0.10","1,911,395.07","38,984.00","49.03","Belgium","Nyse Euronext - Euronext Brussels","USD","0.84","EUR","-"
"5471","DAIDO STEEL LTD","Materials","Equity","1,895,110.41","0.10","1,895,110.41","148,800.00","12.74","Japan","Tokyo Stock Exchange","USD","152.84","JPY","-"
"CIA","CHAMPION IRON LTD","Materials","Equity","1,826,125.31","0.10","1,826,125.31","431,040.00","4.24","Australia","Asx - All Markets","USD","1.43","AUD","-"
"IPX","IPERIONX LTD","Materials","Equity","1,802,919.29","0.10","1,802,919.29","336,788.00","5.35","Australia","Asx - All Markets","USD","1.43","AUD","-"
"GOAU4","METALURGICA GERDAU PREF SA","Materials","Equity","1,800,619.38","0.10","1,800,619.38","942,964.00","1.91","Brazil","XBSP","USD","5.23","BRL","-"
"TMC","TMC THE METALS COMPANY INC","Materials","Equity","1,780,117.83","0.09","1,780,117.83","237,033.00","7.51","United States","NASDAQ","USD","1.00","USD","-"
"103140","POONGSANORATION CORP","Materials","Equity","1,765,289.95","0.09","1,765,289.95","19,440.00","90.81","Korea (South)","Korea Exchange (Stock Market)","USD","1,426.10","KRW","-"
"FOM","FORAN MINING CORP","Materials","Equity","1,735,415.88","0.09","1,735,415.88","331,330.00","5.24","Canada","Toronto Stock Exchange","USD","1.36","CAD","-"
"QAMC","QATAR ALUMINIUM MANUFACTURING","Materials","Equity","1,707,706.44","0.09","1,707,706.44","3,296,797.00","0.52","Qatar","Qatar Exchange","USD","3.64","QAR","-"
"NIC","NICKEL INDUSTRIES LTD","Materials","Equity","1,707,751.35","0.09","1,707,751.35","2,522,485.00","0.68","Australia","Asx - All Markets","USD","1.43","AUD","-"
"LIF","LABRADOR IRON ORE ROYALTY CORP","Materials","Equity","1,653,780.27","0.09","1,653,780.27","74,084.00","22.32","Canada","Toronto Stock Exchange","USD","1.36","CAD","-"
"ATYM","ATALAYA MINING COPPER SA","Materials","Equity","1,634,238.66","0.09","1,634,238.66","114,382.00","14.29","United Kingdom","London Stock Exchange","USD","0.73","GBP","-"
"IMD","IMDEX LTD","Materials","Equity","1,606,401.85","0.08","1,606,401.85","591,671.00","2.72","Australia","Asx - All Markets","USD","1.43","AUD","-"
"600019","BAOSHAN IRON & STEEL LTD A","Materials","Equity","1,581,292.43","0.08","1,581,292.43","1,491,693.00","1.06","China","Shanghai Stock Exchange","USD","6.95","CNY","-"
"ALS","ALTIUS MINERALS CORP","Materials","Equity","1,573,115.97","0.08","1,573,115.97","46,307.00","33.97","Canada","Toronto Stock Exchange","USD","1.36","CAD","-"
"DRR","DETERRA ROYALTIES LTD","Materials","Equity","1,557,594.91","0.08","1,557,594.91","507,198.00","3.07","Australia","Asx - All Markets","USD","1.43","AUD","-"
"PTRO","PETROSEA","Materials","Equity","1,556,471.12","0.08","1,556,471.12","3,475,600.00","0.45","Indonesia","Indonesia Stock Exchange","USD","16,747.50","IDR","-"
"AMG","AMG CRITICAL MATERIALS NV","Materials","Equity","1,553,468.51","0.08","1,553,468.51","35,834.00","43.35","Netherlands","Euronext Amsterdam","USD","0.84","EUR","-"
"WS","WORTHINGTON STEEL INC","Materials","Equity","1,511,808.10","0.08","1,511,808.10","37,654.00","40.15","United States","New York Stock Exchange Inc.","USD","1.00","USD","-"
"SZG","SALZGITTER AG","Materials","Equity","1,511,337.48","0.08","1,511,337.48","27,856.00","54.26","Germany","Xetra","USD","0.84","EUR","-"
"600362","JIANGXI COPPER LTD A","Materials","Equity","1,446,670.33","0.08","1,446,670.33","142,725.00","10.14","China","Shanghai Stock Exchange","USD","6.95","CNY","-"
"CSNA3","COMPANHIA SIDERURGICA NACIONAL SA","Materials","Equity","1,404,316.89","0.07","1,404,316.89","698,374.00","2.01","Brazil","XBSP","USD","5.23","BRL","-"
"LAC","LITHIUM AMERICAS CORP","Materials","Equity","1,394,672.83","0.07","1,394,672.83","258,625.00","5.39","Canada","Toronto Stock Exchange","USD","1.36","CAD","-"
"BRAP4","BRADESPAR PREF SA","Materials","Equity","1,374,869.98","0.07","1,374,869.98","292,273.00","4.70","Brazil","XBSP","USD","5.23","BRL","-"
"1322","AL MASANE AL KOBRA MINING","Materials","Equity","1,301,009.68","0.07","1,301,009.68","41,776.00","31.14","Saudi Arabia","Saudi Stock Exchange","USD","3.75","SAR","-"
"VUL","VULCAN ENERGY RESOURCES LTD","Materials","Equity","1,272,685.14","0.07","1,272,685.14","437,281.00","2.91","Australia","Asx - All Markets","USD","1.43","AUD","-"
"000807","YUNNAN ALUMINIUM LTD A","Materials","Equity","1,258,630.12","0.07","1,258,630.12","236,500.00","5.32","China","Shenzhen Stock Exchange","USD","6.95","CNY","-"
"600010","INNER MONGOLIA BAOTOU STEEL UNION","Materials","Equity","1,196,378.85","0.06","1,196,378.85","3,103,621.00","0.39","China","Shanghai Stock Exchange","USD","6.95","CNY","-"
"CNL","COLLECTIVE MINING LTD","Materials","Equity","1,192,044.66","0.06","1,192,044.66","64,173.00","18.58","Canada","Toronto Stock Exchange","USD","1.36","CAD","-"
"DVP","DEVELOP GLOBAL LTD","Materials","Equity","1,179,325.06","0.06","1,179,325.06","303,357.00","3.89","Australia","Asx - All Markets","USD","1.43","AUD","-"
"PTCIL","PTC INDUSTRIES LTD","Materials","Equity","1,171,812.66","0.06","1,171,812.66","5,867.00","199.73","India","National Stock Exchange Of India","USD","91.96","INR","-"
"5703","NIPPON LIGHT METAL HOLDINGS LTD","Materials","Equity","1,167,045.77","0.06","1,167,045.77","63,340.00","18.43","Japan","Tokyo Stock Exchange","USD","152.84","JPY","-"
"USAR","USA RARE EARTH INC CLASS A","Materials","Equity","1,166,907.11","0.06","1,166,907.11","52,873.00","22.07","United States","NASDAQ","USD","1.00","USD","-"
"1515","NITTETSU MINING LTD","Materials","Equity","1,151,899.11","0.06","1,151,899.11","48,700.00","23.65","Japan","Tokyo Stock Exchange","USD","152.84","JPY","-"
"000630","TONGLING NONFERROUS METALS GROUP L","Materials","Equity","1,147,097.70","0.06","1,147,097.70","867,800.00","1.32","China","Shenzhen Stock Exchange","USD","6.95","CNY","-"
"2006","TUNG HO STEEL ENTERPRISE CORP","Materials","Equity","1,138,097.69","0.06","1,138,097.69","502,700.00","2.26","Taiwan","Taiwan Stock Exchange","USD","31.27","TWD","-"
"UAMY","UNITED STATES ANTIMONY CORP","Materials","Equity","1,136,575.58","0.06","1,136,575.58","137,102.00","8.29","United States","Nyse Mkt Llc","USD","1.00","USD","-"
"000426","INNER MONGOLIA XINGYE SILVER&TIN M","Materials","Equity","1,118,947.13","0.06","1,118,947.13","113,800.00","9.83","China","Shenzhen Stock Exchange","USD","6.95","CNY","-"
"SLS","SOLARIS RESOURCES INC","Materials","Equity","1,115,339.12","0.06","1,115,339.12","104,485.00","10.67","Canada","Toronto Stock Exchange","USD","1.36","CAD","-"
"000975","SHANJIN INTERNATIONAL GOLD LTD A","Materials","Equity","1,080,944.63","0.06","1,080,944.63","194,140.00","5.57","China","Shenzhen Stock Exchange","USD","6.95","CNY","-"
"MDI","MAJOR DRILLING GROUP INTERNATIONAL","Materials","Equity","1,072,557.80","0.06","1,072,557.80","92,842.00","11.55","Canada","Toronto Stock Exchange","USD","1.36","CAD","-"
"CMP","COMPASS MINERALS INTERNATIONAL INC","Materials","Equity","1,070,421.03","0.06","1,070,421.03","41,441.00","25.83","United States","New York Stock Exchange Inc.","USD","1.00","USD","-"
"5451","YODOKO LTD","Materials","Equity","1,061,529.10","0.06","1,061,529.10","114,900.00","9.24","Japan","Tokyo Stock Exchange","USD","152.84","JPY","-"
"3858","JIAXIN INTERNATIONAL RESOURCES INV","Materials","Equity","1,022,759.25","0.05","1,022,759.25","96,400.00","10.61","Hong Kong","Hong Kong Exchanges And Clearing Ltd","USD","7.80","HKD","-"
"639","SHOUGANG FUSHAN RESOURCES GROUP LT","Materials","Equity","971,823.23","0.05","971,823.23","2,264,000.00","0.43","China","Hong Kong Exchanges And Clearing Ltd","USD","7.80","HKD","-"
"2015","FENG HSIN IRON & STEEL LTD","Materials","Equity","967,483.54","0.05","967,483.54","461,918.00","2.09","Taiwan","Taiwan Stock Exchange","USD","31.27","TWD","-"
"SGML","SIGMA LITHIUM CORP","Materials","Equity","962,541.01","0.05","962,541.01","75,731.00","12.71","Brazil","NASDAQ","USD","1.00","USD","-"
"600219","SHANDONG NANSHAN ALUMINIUM LTD A","Materials","Equity","943,803.70","0.05","943,803.70","804,130.00","1.17","China","Shanghai Stock Exchange","USD","6.95","CNY","-"
"601168","WESTERN MINING LTD A","Materials","Equity","934,081.76","0.05","934,081.76","164,200.00","5.69","China","Shanghai Stock Exchange","USD","6.95","CNY","-"
"600549","XIAMEN TUNGSTEN LTD A","Materials","Equity","930,472.65","0.05","930,472.65","107,799.00","8.63","China","Shanghai Stock Exchange","USD","6.95","CNY","-"
"001430","SEAH BESTEEL HDS CORP","Materials","Equity","926,398.08","0.05","926,398.08","18,073.00","51.26","Korea (South)","Korea Exchange (Stock Market)","USD","1,426.10","KRW","-"
"RYI","RYERSON HOLDING CORP","Materials","Equity","924,684.74","0.05","924,684.74","32,767.00","28.22","United States","New York Stock Exchange Inc.","USD","1.00","USD","-"
"002532","TIANSHAN ALUMINUM GROUP LTD A","Materials","Equity","917,788.11","0.05","917,788.11","311,260.00","2.95","China","Shenzhen Stock Exchange","USD","6.95","CNY","-"
"INCO","VALE INDONESIA","Materials","Equity","907,596.95","0.05","907,596.95","2,491,800.00","0.36","Indonesia","Indonesia Stock Exchange","USD","16,747.50","IDR","-"
"SMR","STANMORE RESOURCES LTD","Materials","Equity","904,562.71","0.05","904,562.71","427,732.00","2.11","Australia","Asx - All Markets","USD","1.43","AUD","-"
"MTUS","METALLUS INC","Materials","Equity","891,594.84","0.05","891,594.84","44,894.00","19.86","United States","New York Stock Exchange Inc.","USD","1.00","USD","-"
"METC","RAMACO RESOURCES INC CLASS A","Materials","Equity","891,121.31","0.05","891,121.31","44,623.00","19.97","United States","NASDAQ","USD","1.00","USD","-"
"ERA","ERAMET SA","Materials","Equity","872,848.59","0.05","872,848.59","9,602.00","90.90","France","Nyse Euronext - Euronext Paris","USD","0.84","EUR","-"
"VIO","VIOHALCO SA","Materials","Equity","863,955.86","0.05","863,955.86","54,865.00","15.75","Greece","Athens Exchange S.A. Cash Market","USD","0.84","EUR","-"
"WELCORP","WELSPUN CORP LTD","Materials","Equity","859,589.98","0.05","859,589.98","106,368.00","8.08","India","National Stock Exchange Of India","USD","91.96","INR","-"
"NB","NIOCORP DEVELOPMENTS LTD","Materials","Equity","840,744.39","0.04","840,744.39","130,247.00","6.46","United States","NASDAQ","USD","1.00","USD","-"
"9958","CENTURY IRON AND STEEL INDUSTRIAL","Materials","Equity","833,879.61","0.04","833,879.61","183,000.00","4.56","Taiwan","Taiwan Stock Exchange","USD","31.27","TWD","-"
"600673","GUANGDONG HEC TECHNOLOGY HOLDING L","Materials","Equity","831,328.03","0.04","831,328.03","212,100.00","3.92","China","Shanghai Stock Exchange","USD","6.95","CNY","-"
"000933","HENAN SHENHUO COAL & POWER LTD A","Materials","Equity","795,397.28","0.04","795,397.28","157,100.00","5.06","China","Shenzhen Stock Exchange","USD","6.95","CNY","-"
"SXC","SUNCOKE ENERGY INC","Materials","Equity","794,754.30","0.04","794,754.30","100,095.00","7.94","United States","New York Stock Exchange Inc.","USD","1.00","USD","-"
"USHAMART","USHA MARTIN LTD","Materials","Equity","786,118.87","0.04","786,118.87","176,967.00","4.44","India","National Stock Exchange Of India","USD","91.96","INR","-"
"GPIL","GODAWARI POWER AND ISPAT LTD","Materials","Equity","776,563.74","0.04","776,563.74","277,168.00","2.80","India","National Stock Exchange Of India","USD","91.96","INR","-"
"WA1","WA1 RESOURCES LTD","Materials","Equity","755,092.35","0.04","755,092.35","60,305.00","12.52","Australia","Asx - All Markets","USD","1.43","AUD","-"
"TMQ","TRILOGY METALS INC","Materials","Equity","750,468.70","0.04","750,468.70","124,870.00","6.01","United States","Nyse Mkt Llc","USD","1.00","USD","-"
"TRMET.E","TR ANADOLU METAL MADENCILIK ISLETM","Materials","Equity","732,620.09","0.04","732,620.09","209,164.00","3.50","Turkey","Istanbul Stock Exchange","USD","43.42","TRY","-"
"USIM5","USINAS SIDERURGICAS DE MINAS GERAI","Materials","Equity","731,832.67","0.04","731,832.67","577,480.00","1.27","Brazil","XBSP","USD","5.23","BRL","-"
"CAP","CAP SA","Materials","Equity","719,597.96","0.04","719,597.96","76,139.00","9.45","Chile","Santiago Stock Exchange","USD","866.57","CLP","-"
"RATNAMANI","RATNAMANI METALS AND TUBES LTD","Materials","Equity","713,364.46","0.04","713,364.46","32,252.00","22.12","India","National Stock Exchange Of India","USD","91.96","INR","-"
"826","TIANGONG INTERNATIONAL LTD","Materials","Equity","712,407.26","0.04","712,407.26","1,584,000.00","0.45","China","Hong Kong Exchanges And Clearing Ltd","USD","7.80","HKD","-"
"1321","EAST PIPES INTEGRATED COMPANY FOR","Materials","Equity","703,638.39","0.04","703,638.39","17,339.00","40.58","Saudi Arabia","Saudi Stock Exchange","USD","3.75","SAR","-"
"5482","AICHI STEEL CORP","Materials","Equity","693,892.11","0.04","693,892.11","34,100.00","20.35","Japan","Tokyo Stock Exchange","USD","152.84","JPY","-"
"601958","JINDUICHENG MOLYBDENUM LTD A","Materials","Equity","682,452.11","0.04","682,452.11","208,100.00","3.28","China","Shanghai Stock Exchange","USD","6.95","CNY","-"
"GRAVITA","GRAVITA INDIA LTD","Materials","Equity","675,628.74","0.04","675,628.74","38,260.00","17.66","India","National Stock Exchange Of India","USD","91.96","INR","-"
"2211","EVERGREEN STEEL CORP","Materials","Equity","655,432.09","0.03","655,432.09","199,000.00","3.29","Taiwan","Taiwan Stock Exchange","USD","31.27","TWD","-"
"KRDMD.E","KARDEMIR KARABUK DEMIR CELIK SANAY","Materials","Equity","611,716.69","0.03","611,716.69","886,637.00","0.69","Turkey","Istanbul Stock Exchange","USD","43.42","TRY","-"
"5423","TOKYO STEEL MANUFACTURING LTD","Materials","Equity","605,323.39","0.03","605,323.39","61,800.00","9.79","Japan","Tokyo Stock Exchange","USD","152.84","JPY","-"
"323","MAANSHAN IRON AND STEEL LTD H","Materials","Equity","596,873.52","0.03","596,873.52","1,646,000.00","0.36","China","Hong Kong Exchanges And Clearing Ltd","USD","7.80","HKD","-"
"ABAT","AMERICAN BATTERY TECHNOLOGY COMPAN","Materials","Equity","592,280.64","0.03","592,280.64","137,102.00","4.32","United States","NASDAQ","USD","1.00","USD","-"
"000831","CHINA RARE EARTH RESOURCES AND TEC","Materials","Equity","580,839.57","0.03","580,839.57","68,900.00","8.43","China","Shenzhen Stock Exchange","USD","6.95","CNY","-"
"2014","CHUNG HUNG STEEL CORP","Materials","Equity","572,587.74","0.03","572,587.74","955,000.00","0.60","Taiwan","Taiwan Stock Exchange","USD","31.27","TWD","-"
"688122","WESTERN SUPERCONDUCTING TECHNOLOGI","Materials","Equity","542,929.19","0.03","542,929.19","42,889.00","12.66","China","Shanghai Stock Exchange","USD","6.95","CNY","-"
"5009","GLORIA MATERIAL TECHNOLOGY CORP","Materials","Equity","537,267.57","0.03","537,267.57","478,000.00","1.12","Taiwan","Gretai Securities Market","USD","31.27","TWD","-"
"SARDAEN","SARDA ENERGY AND MINERALS LTD","Materials","Equity","530,553.24","0.03","530,553.24","100,091.00","5.30","India","National Stock Exchange Of India","USD","91.96","INR","-"
"532527","RAMKRISHNA FORGINGS LTD","Materials","Equity","516,932.38","0.03","516,932.38","93,604.00","5.52","India","Bse Ltd","USD","91.96","INR","-"
"000708","CITIC PACIFIC SPECIAL STEEL GROUP","Materials","Equity","516,400.09","0.03","516,400.09","225,800.00","2.29","China","Shenzhen Stock Exchange","USD","6.95","CNY","-"
"JINDALSAW","JINDAL SAW LTD","Materials","Equity","501,937.73","0.03","501,937.73","261,015.00","1.92","India","National Stock Exchange Of India","USD","91.96","INR","-"
"BRSAN.E","BORUSAN MANNESMANN BORU SANAYI VE","Materials","Equity","464,442.90","0.02","464,442.90","30,862.00","15.05","Turkey","Istanbul Stock Exchange","USD","43.42","TRY","-"
"JSW","JASTRZEBSKA SPOLKA WEGLOWA SA","Materials","Equity","451,608.96","0.02","451,608.96","59,842.00","7.55","Poland","Warsaw Stock Exchange/Equities/Main Market","USD","3.53","PLN","-"
"2023","YIEH PHUI ENTERPRISE LTD","Materials","Equity","433,334.59","0.02","433,334.59","882,831.00","0.49","Taiwan","Taiwan Stock Exchange","USD","31.27","TWD","-"
"000932","HUNAN VALIN STEEL LTD A","Materials","Equity","421,974.14","0.02","421,974.14","467,900.00","0.90","China","Shenzhen Stock Exchange","USD","6.95","CNY","-"
"VSL","VULCAN STEEL LTD","Materials","Equity","419,985.23","0.02","419,985.23","86,086.00","4.88","Australia","Asx - All Markets","USD","1.43","AUD","-"
"NSLNISP","NMDC STEEL LTD","Materials","Equity","414,726.00","0.02","414,726.00","875,728.00","0.47","India","National Stock Exchange Of India","USD","91.96","INR","-"
"2240","ADVANCED BUILDING INDUSTRIES","Materials","Equity","366,146.78","0.02","366,146.78","33,907.00","10.80","Saudi Arabia","Saudi Stock Exchange","USD","3.75","SAR","-"
"500245","KIRLOSKAR FERROUS INDUSTRIES LTD","Materials","Equity","363,293.35","0.02","363,293.35","74,547.00","4.87","India","Bse Ltd","USD","91.96","INR","-"
"SANDUMA","SANDUR MANGANESE AND IRON ORES LTD","Materials","Equity","334,057.14","0.02","334,057.14","133,026.00","2.51","India","National Stock Exchange Of India","USD","91.96","INR","-"
"5440","KYOEI STEEL LTD","Materials","Equity","315,019.47","0.02","315,019.47","19,000.00","16.58","Japan","Tokyo Stock Exchange","USD","152.84","JPY","-"
"3833","XINJIANG XINXIN MINING INDUSTRY LT","Materials","Equity","297,685.89","0.02","297,685.89","777,000.00","0.38","China","Hong Kong Exchanges And Clearing Ltd","USD","7.80","HKD","-"
"MOIL","MOIL LTD","Materials","Equity","296,099.00","0.02","296,099.00","71,873.00","4.12","India","National Stock Exchange Of India","USD","91.96","INR","-"
"600985","HUAIBEI MINING HOLDINGS LTD A","Materials","Equity","294,597.55","0.02","294,597.55","163,200.00","1.81","China","Shanghai Stock Exchange","USD","6.95","CNY","-"
"BRE","BRAZILIAN RARE EARTHS LTD","Materials","Equity","278,861.87","0.01","278,861.87","100,895.00","2.76","Australia","Asx - All Markets","USD","1.43","AUD","-"
"FESA4","FERBASA PREF","Materials","Equity","274,092.22","0.01","274,092.22","178,131.00","1.54","Brazil","XBSP","USD","5.23","BRL","-"
"5449","OSAKA STEEL LTD","Materials","Equity","272,234.76","0.01","272,234.76","13,400.00","20.32","Japan","Tokyo Stock Exchange","USD","152.84","JPY","-"
"1320","SAUDI STEEL PIPE","Materials","Equity","262,968.46","0.01","262,968.46","23,985.00","10.96","Saudi Arabia","Saudi Stock Exchange","USD","3.75","SAR","-"
"MAHSEAMLES","MAHARASHTRA SEAMLESS LTD","Materials","Equity","259,290.41","0.01","259,290.41","46,098.00","5.62","India","National Stock Exchange Of India","USD","91.96","INR","-"
"MIDHANI","MISHRA DHATU NIGAM LTD","Materials","Equity","213,155.89","0.01","213,155.89","50,585.00","4.21","India","National Stock Exchange Of India","USD","91.96","INR","-"
"SURYAROSNI","SURYA ROSHNI LTD","Materials","Equity","204,005.42","0.01","204,005.42","76,776.00","2.66","India","National Stock Exchange Of India","USD","91.96","INR","-"
"JAIBALAJI","JAI BALAJI INDUSTRIES LTD","Materials","Equity","159,979.74","0.01","159,979.74","213,274.00","0.75","India","National Stock Exchange Of India","USD","91.96","INR","-"
"2362","JINCHUAN GROUP INTERNATIONAL RESOU","Materials","Equity","157,320.45","0.01","157,320.45","2,398,000.00","0.07","China","Hong Kong Exchanges And Clearing Ltd","USD","7.80","HKD","-"
"TTST","TATA STEEL GDR LTD","Materials","Equity","125,461.70","0.01","125,461.70","5,677.00","22.10","India","London Stock Exchange","USD","1.00","USD","-"